40990,DUPONT,Alex,1989,04,12,24 rue Saint Roch PARIS,alexdupont@outlook.fr, 0605040302,2020,04,04,3050,directeur,40995,FIESTA,Marie,1969,03,18,209 rue Saint Domique PARIS,mariefiesta@outlook.fr,063883922,2002,05,06,3000,directeur commerciale,40929,FORGE,Pierre,1970,09,18,200 rue de Lisbonne PARIS,pierreforge@outlook.fr,0848968490,2015,06,06,2900,commercial,40392,FERMI,Lea,1998,03,19,25 rue Saint pierre PARIS,leafermi@outlook.fr,0698829002,2021,04,04,2800,commercial,48392,FETARD,Jean,1978,02,02,25 rue thiers PARIS,jeanfetard@outlook.fr,0789890290,1999,03,05,3100,directeur des operations,41029,ROYAL,Jac,1995,04,04,4 rue michel BONDY,jacroyal@outlook.fr,068392022,2020,09,20,2800,chef equipe,49920,ROMU,Leo,1989,03,02,250 rue Bichat SEVRAN,leoromu@outlook.fr,0783992083,2019,06,07,1900,chauffeur,49302,ROMI,Lena,1980,04,29,40 rue des poisson PARIS,lenaromi@outlook.fr,0782929002,2008,12,13,1900,chauffeur,40292,ROMA,Pascal,1990,06,20,21 boulevard pied PARIS,pascalroma@outlook.fr,09849288290,2009,10,12,1900,chauffeur,40920,PRINCE,Clara,1975,07,08,25 boulevard republique COURBEVOIE,claraprince@outlook.fr,078492829,2013,06,03,2200,chef equipe,48493,ROME,Carla,1972,01,01,1 rue des tulipes SARCELLE,carlarome@outlook.fr,099582992,2020,07,08,1800,chauffeur,49282,RIMOU,Johana,2000,03,17,35 rue des maneuvre VILLEPINTE,johanarimou@outlook.fr,098483728,2017,04,19,1900,chauffeur,40029,JOYEUSE,Alice,2001,09,29,50 rue glaciere PARIS,alicejoyeuse@outlook.fr,033291910,2023,12,11,3020,directeur RH,49392,COULEUR,Violette,1996,03,03,15 rue tolbiac PARIS,violettecouleur@outlook.fr,0983492829,2010,05,07,500,formation,49029,TOUTLEMONDE,Sarah,1989,05,07,13 rue des marguerites CHELLES,sarahtoutlemonde@outlook.fr,0985893829,2019,02,02,450,contrat,49021,GRIPSOUS,Luc,1990,03,15,14 rue jaune SEVRAN,lucgripsous@outlook.fr,0920292000,2020,09,19,3100,directeur financier,40091,PICSOU,Romain,1970,09,09,20 rue des pierres BOULOGNE,romainpicsou@outlook.fr,0999829299,2021,03,09,3100,directeur comptable,40919,FOURNIER,Capucine,1980,09,09,9 rue des places PARIS,capucinefournier@outlook.fr,099298930,2019,10,12,2300,comptable,40991,GAUTIER,Paul,1987,11,14,29 rue de negoce SEVRAN,paulgautier@outlook.fr,092992093,2009,12,13,2900,comptable,40920,GROSOUS,Mike,1980,10,12,25 rue fosse PARIS,mikegrosou@outlook.fr,067939202,2019,11,10,2900,controleur de gestion